id_agree,rta_deep_std1,rta_deep_std2,rta_deep_std3,rta_deep_std4,rta_deep_std5,rta_deep_std6,rta_deep_std7,rta_deep_std8,rta_deep_std9,rta_deep_std10,rta_deep_std11,rta_deep_std12,rta_deep_std13,rta_deep_std14,rta_deep_std15,rta_deep_std16,rta_deep_std17,rta_deep_std18
1,16.173912,2.9398413,15.186835,3.4654057,2.9446013,0,0,4.4549341,3.1815069,5.4705882,0,0,2.6813302,2.3128831,3.7024968,0,3.5616059,6.8406386
2,27.424202,2.2619839,7.6188946,2.2106307,2.2778151,4.9533916,5.3332934,3.7199996,2.9338768,4.6197572,2.0648069,1.4740449,2.3203928,2.7792094,3.01757,2.1831319,2.1168377,7.8582296
3,2.5278466,1.7490948,8.4754591,2.8656344,3.4998906,0,4.0507159,3.1260505,0,0,2.1315539,5.0657196,2.8590088,1.9149081,2.5543292,2.0997179,0,0
4,5.09589,2.3868945,5.1587114,0,0,0,0,4.6002088,2.9564519,5.4705882,2.2008345,2.2897618,2.727406,0,0,0,1.7152233,0
5,16.173912,2.9398413,15.186835,4.1454716,0,0,0,4.6833448,5.026907,5.4705882,0,0,2.982173,2.4086039,2.9731426,5.4216185,3.5616059,6.8406386
6,2.0084174,2.0177104,2.8679054,1.1552795,2.4460754,0,0,3.7199996,0,5.4705882,2.2115059,1.1698112,0,1.6254425,2.473238,0,1.7339768,0
7,2.0084174,1.6905127,2.8615384,1.1552795,2.7100022,0,0,3.7199996,0,5.4705882,2.2008345,1.1698112,0,1.6254425,2.7191682,0,1.7339768,0
8,2.5929382,1.8661681,2.8615384,1.1552795,2.6329916,0,0,3.7199996,0,5.4705882,2.0397613,1.1698112,0,1.6426386,2.473238,0,1.7339768,0
9,5.40628,2.9417799,9.1107759,1.1552795,4.9308977,41.33334,0,0,3.8331852,0,2.7352941,2.8387849,2.4028955,2.5960569,2.74859,2.7887087,2.5006113,6.4470224
10,1.3179066,1.446813,1.6942763,1.3244389,0,0,0,3.1260505,0,0,2.604285,1.7832354,2.4242864,0,2.4625413,1.6497107,2.3053017,0
11,3.0204003,1.6301703,3.6614137,3.4081144,0,0,0,0,0,0,9.6242666,0,0,0,1.2396983,3.1000001,0,0
12,5.09589,1.4744251,2.8615384,1.6988981,0,0,0,0,0,0,2.0894265,1.1698112,0,0,2.0769165,0,1.7339768,0
13,16.173912,2.9398413,15.186835,0,3.8590479,0,0,4.6833448,5.026907,5.4705882,0,0,2.982173,2.0152221,3.3719735,5.4216185,3.5616059,6.8406386
14,4.7738838,1.4744251,3.6614137,1.1552795,0,0,0,0,0,0,4.2341132,1.1698112,0,0,1.2380574,0,0,0
15,5.09589,1.718341,2.8615384,2.018589,0,0,0,0,0,0,2.0382628,0,0,0,2.0423667,3.1589177,3.4444444,0
16,16.173912,1.374843,4.6140919,3.0821757,2.5210059,0,4.3955221,0,0,7.9509697,2.0276856,1.1698112,2.6474793,2.3540111,1.9972013,1.3429602,1.6244541,0
17,2.5182161,1.6165264,1.6942763,1.3244389,2.4304702,0,0,0,0,4.6197968,2.9481001,2.4318635,0,0,2.7235484,1.3675501,0,0
18,16.173912,2.9398413,15.186835,0,3.8590479,0,0,4.6833448,5.026907,5.4705882,0,0,2.982173,3.1138759,3.0955322,5.4216185,3.5616059,6.8406386
19,5.09589,1.5024738,2.8615384,0,0,0,0,3.1260505,0,0,2.4860842,0,0,0,0,0,0,0
20,11.87808,2.8233194,9.1107759,1.6518466,0,0,0,0,0,0,2.4343669,5.6106501,2.2623463,1.656675,1.4240214,0,3.1975648,0
21,4.322557,3.2139106,1.5925965,1.4615719,2.0456188,7.7647047,4.3121195,0,2.9223683,0,2.1821752,4.2015877,2.2965052,2.4308195,2.2840407,2.0701766,1.5494668,9.5130796
22,5.09589,1.353515,2.8615384,0,0,0,0,0,0,0,0,0,0,2.0885918,0,1.2696246,0,0
24,5.09589,1.7148213,2.8615384,1.3244389,0,0,0,0,0,0,2.2460592,1.1698112,0,1.8319842,1.7838596,0,1.8791938,0
25,1.3562429,1.6016073,1.6942763,3.712111,0,0,0,0,0,0,2.2274919,3.88959,2.8907001,1.6677064,2.8685882,0,2.9060678,5.9787955
26,1.3562429,1.7448374,4.3932643,2.2947621,2.8678012,4.939806,0,0,0,3.787822,1.9518425,1.1698112,0,1.8788925,2.7744818,1.4707589,2.0210295,0
27,6.6585259,2.0353987,6.9590516,5.3044639,3.7904377,6.0792346,3.7732961,3.4101186,3.8768647,6.2950397,2.522424,5.3251867,2.7554839,3.7129273,3.25051,4.3365808,2.2751915,5.769134
28,16.173912,2.9398413,15.186835,0,2.9161048,0,0,4.6833448,5.026907,3.1978781,0,0,2.982173,1.8992122,3.2609715,5.4216185,3.5616059,6.8406386
29,24.954933,3.4412384,2.8679054,5.5214572,4.632833,0,4.8325133,4.3369389,0,0,2.0354841,6.8599873,2.2111042,1.6677518,2.3478212,5.3654289,2.7432401,7.7245626
30,4.1540909,2.5582595,2.8615384,1.1552795,3.197093,6.3607483,0,0,0,3.1518633,2.0609787,1.1698112,0,2.3028204,3.1332192,6.8681688,1.9782327,0
31,2.98018,1.794735,2.8615384,1.1552795,3.8923123,2.8396947,0,3.7199996,0,3.596864,1.9531779,1.1698112,0,1.7584347,2.4025469,0,1.6847017,0
32,5.09589,1.3863047,2.8615384,1.1552795,2.9161048,0,0,0,0,5.4705882,0,1.1698112,0,0,1.5046433,0,2.3544302,0
33,1.3562429,2.0478039,2.8615384,1.3244389,3.7743452,0,0,0,0,4.55582,2.1099098,1.4740449,0,3.1190622,1.5692035,1.7064022,1.8775432,0
34,3.079972,1.9142002,2.8615384,1.1552795,2.4054031,0,0,3.7199996,0,5.4705882,2.0430255,1.1698112,0,1.6798551,1.9289783,0,1.5376627,0
35,0,1.6212729,0,0,2.2530615,0,0,0,0,0,2.71753,0,0,0,0,0,3.2722552,0
36,3.1348448,2.2305815,5.1587114,3.7366176,0,5.2394366,0,0,2.9589453,3.1518633,2.1710386,3.3055465,0,2.2451966,2.1989353,0,2.1487288,0
37,16.537416,1.8942437,13.583518,4.1714072,3.7999761,0,3.6979935,4.7148557,3.2374904,5.2402282,2.5624003,1.1698112,2.7522867,3.1089315,1.9097598,2.0395961,2.2964907,6.482399
38,5.09589,1.4744251,2.8615384,1.3244389,2.122555,0,0,0,0,0,1.9828119,0,0,0,1.4596628,0,1.7339768,0
39,2.98018,1.8495141,2.8615384,1.3244389,3.1942089,2.8396947,0,0,0,3.1518633,1.9531779,1.3637081,0,2.0659516,2.1384699,1.5594511,1.788151,0
40,3.1348448,2.266222,2.8615384,3.2799642,2.7474403,5.3513346,0,0,2.6204479,3.1518633,2.0921052,2.1180856,0,2.3275204,2.790956,3.8145115,1.931338,0
42,5.09589,1.7483941,2.8615384,2.3937807,4.3297825,0,0,3.1260505,0,0,0,1.1698112,0,1.9381045,1.4201503,1.2696246,2.0322289,0
43,5.09589,1.7483941,2.8615384,1.3244389,3.0160625,0,0,0,0,0,2.3928137,1.1698112,0,1.6012572,1.4201503,1.2696246,2.0322289,0
44,5.09589,1.9036257,2.8615384,1.1552795,3.2611516,0,0,0,0,0,2.3928137,1.1698112,0,1.6012572,1.4201503,1.2696246,2.0322289,0
45,9.8869381,1.9581969,2.7746437,1.3244389,3.7381911,0,0,0,0,3.1518633,2.3928137,3.9330277,0,1.6677518,2.0136714,1.8658154,1.9818076,7.6280627
46,5.09589,1.9036257,2.8615384,1.1552795,4.2580776,0,0,0,0,0,0,1.1698112,0,1.6284808,1.4201503,1.2696246,2.0322289,0
47,5.09589,2.1180844,2.8615384,3.7326303,0,0,0,0,0,0,0,7.5901937,0,2.1144645,2.4329233,1.5847589,0,0
48,3.5557966,1.9498304,2.4649303,1.8369647,2.6003287,3.7782569,0,3.7199996,2.5012851,1.8693466,1.9531779,1.1698112,0,2.656852,2.4020553,1.4297954,1.8380203,0
49,5.0492458,1.568144,3.7187932,3.4081144,0,0,0,0,0,1.8693466,2.267519,0,0,0,1.7256485,1.2696246,0,0
50,5.09589,2.7121859,2.8615384,2.482049,2.9155607,0,0,0,4.3638253,1.8693466,4.2341132,7.8394847,0,2.2083755,2.6024585,1.3675501,1.7082021,0
51,1.6074414,1.8964589,4.827332,3.7269363,2.6358643,4.8557992,0,3.7199996,2.6229277,5.0749822,1.9531779,1.1698112,0,2.412951,2.6255443,1.6724153,1.8736577,0
52,1.3562429,2.4897759,2.8615384,1.3244389,3.896178,4.3731432,0,0,3.8431048,5.0749822,1.9643592,1.1698112,2.267539,0,1.5068145,1.8115482,1.638369,3.7224207
53,3.4357579,2.0188956,5.1587114,3.38907,2.4631839,5.4137802,0,3.6477599,3.3329856,3.1978781,2.0801394,0,0,2.3551807,2.21457,1.4470323,2.0206766,0
54,5.09589,3.6090717,2.8615384,4.7996688,4.9862189,0,0,0,0,0,2.5170336,4.4437151,2.1685898,0,1.3144341,2.9827507,1.7632588,7.1773748
55,3.4357579,2.3656194,5.1587114,3.2799642,1.810427,5.1655183,0,0,2.6553159,3.1518633,2.1710386,2.1180856,0,2.4125292,2.8944488,3.8145115,2.034677,0
56,1.8693278,2.6047215,3.4353755,3.3538122,3.0386317,4.4673986,0,4.0593324,2.6204479,1.8693466,2.0724294,2.4293523,0,1.9853495,3.0781639,2.4423318,2.1533284,0
57,2.5484915,1.8148177,6.4672399,1.4615719,2.7495565,4.8280978,0,3.7199996,2.5325336,3.1518633,1.9531779,1.1698112,0,2.4751811,2.0993485,1.4707589,1.8736577,0
58,5.09589,1.9590021,2.8615384,1.1552795,2.8244607,0,0,0,0,0,0,0,0,1.6426386,1.4948145,1.2696246,2.0322289,0
59,3.4357579,1.8332771,2.8615384,1.1552795,2.5372155,2.8396947,0,0,0,2.4379425,1.9531779,1.3637081,0,1.9867861,1.8361182,1.5716211,4.5925927,0
60,5.09589,1.5153611,2.8615384,1.1552795,3.8118768,0,0,0,0,0,0,0,0,1.6012572,1.4201503,1.2696246,2.0322289,0
61,5.09589,1.7827933,2.8615384,1.1552795,3.8118768,0,0,3.1260505,0,0,0,0,0,1.6012572,1.4621135,0,3.5218184,0
62,5.09589,1.7827933,2.8615384,1.3244389,5.6551061,0,0,0,0,0,0,0,0,1.5773724,1.4733537,0,3.5218184,0
63,5.09589,1.9590021,2.8615384,1.1552795,5.2378516,0,0,0,0,0,0,0,0,1.6012572,1.7104572,1.2696246,2.0322289,0
64,5.09589,1.7827933,2.8615384,1.1552795,4.5458632,0,0,3.1260505,0,0,0,0,0,1.6012572,1.4201503,0,2.4269152,0
65,5.09589,2.0057049,2.8615384,1.1552795,3.716089,0,0,0,0,0,0,0,0,1.6012572,1.4621135,1.2696246,2.0322289,0
66,1.3562429,1.9238375,1.6942763,1.3244389,3.0296817,4.6211777,0,3.1260505,0,5.2010789,2.0662405,2.2811594,0,3.2262518,1.5333301,2.2461095,2.1480224,0
67,1.3562429,1.8120526,4.6140919,4.1115646,3.6973517,5.937243,4.0294385,3.4101186,3.1222796,0,2.1364334,4.8551717,2.6247041,3.0651553,1.7066145,2.5857441,2.3351018,5.1940455
68,1.6074414,2.1064565,1.6942763,1.4615719,3.0615697,4.8870368,0,3.7199996,3.2393932,4.786407,1.9287831,1.4740449,2.2419906,2.8712044,2.0547063,1.4707589,1.5771374,0
69,9.365531,2.0668731,2.4526265,1.3244389,0,0,3.4697795,0,2.9947097,4.4081917,3.9150426,6.6723747,2.3051455,2.1669562,2.5019774,2.2766614,1.95653,3.693944
70,3.4357579,2.226939,2.8615384,4.5684795,2.2778151,5.8109589,5.9882245,3.5769231,3.2119377,0,2.1891589,0,2.3247147,2.2114825,3.5641906,0,1.8773311,0
71,5.09589,1.448642,2.8615384,4.1328716,0,7.2016807,0,4.7126374,0,1.8693466,2.7003882,2.2292643,2.1788402,0,1.7875357,0,1.809355,5.4640412
72,3.5557966,1.6541206,4.4732852,1.4615719,2.9254596,4.9467416,0,3.7199996,2.5017457,3.1518633,1.9531779,1.1698112,0,2.6404197,1.9074165,1.4707589,1.8380203,0
73,1.3562429,1.5498879,2.4526265,4.3072605,3.7470834,0,3.9261403,3.1260505,0,4.0383348,2.1236663,3.6815159,2.4158881,2.8384085,2.1322806,2.4612889,2.4237449,3.9150393
74,1.3562429,1.8408874,2.8615384,1.1552795,0,0,0,0,0,0,3.0526092,0,0,3.0261984,1.3144341,1.3057777,1.4932775,0
75,1.3562429,2.163487,1.6942763,1.6112419,2.5974319,9.6013803,4.1880593,0,3.112545,4.4274635,2.6083875,0,2.4563642,2.2858479,2.1723001,1.5378501,2.2153707,3.6688542
76,3.4357579,2.2813268,5.1587114,3.5989101,2.4631839,5.5230737,4.9908772,3.7199996,3.5713661,3.1518633,2.0430255,2.8387849,0,2.2709272,2.2830808,3.8621058,2.149266,3.1156175
77,6.438026,2.9055407,4.6140919,4.0599136,3.4026418,0,0,4.7284546,0,3.6992891,2.0802953,2.6248817,2.1882925,1.8708961,1.5449882,2.3586099,2.3744178,0
78,1.3562429,1.8700224,1.6942763,1.87988,3.0479996,5.8660388,3.8665342,0,3.2605379,4.55582,1.8855742,1.4740449,2.2854755,3.2140236,2.377605,1.9979799,1.6339695,4.0189977
79,1.3562429,2.2075589,1.6942763,1.3244389,2.3670325,5.4234891,0,4.2404351,0,0,2.0962341,0,0,2.6648262,1.7615049,0,2.0577657,0
80,3.7023475,2.0380127,2.8615384,1.1552795,2.5372155,0,0,3.7199996,0,3.1518633,1.9531779,2.5327241,2.6429086,2.2783992,1.6901393,1.7572386,1.8599999,0
81,3.2851598,2.0930212,2.4526265,1.9283617,3.3612099,6.4805989,4.1936498,0,3.2115059,4.7082562,4.4003568,5.8212285,2.8651004,2.9890909,1.681456,3.3361082,2.2336006,5.2827516
82,1.3562429,2.2420287,1.6942763,4.2358561,3.3575733,7.2929277,3.9283018,4.8060999,3.6389389,5.6468163,2.230602,3.1048172,2.8408031,3.5002763,1.6982788,2.3486462,2.5715499,5.3648462
83,1.3562429,2.0279217,1.6942763,3.7271292,3.3854632,7.2685981,3.8426127,4.7497206,3.6389389,5.5420084,2.2932026,1.1698112,2.783967,4.7663989,1.2455937,2.1369965,2.7987077,4.9071226
84,16.173912,1.5064789,24.800003,2.9782238,0,2.8396947,0,0,0,0,2.2416978,2.6152256,2.5507212,0,1.6768359,1.2696246,1.8404224,0
85,16.173912,1.7734478,24.800003,2.5675752,0,3.970726,0,0,0,0,2.2416978,2.6152256,2.3754883,0,1.6768359,1.3675501,2.0227659,0
86,1.3562429,1.5498879,2.4526265,3.6874318,3.7470834,0,3.9356012,3.1260505,0,4.0383348,2.1236663,3.6815159,2.4158881,2.868686,1.5223922,2.4612889,2.4237449,3.9150393
87,1.3562429,2.6256762,1.6942763,3.0657837,3.2632883,5.8733873,5.7881632,4.2404351,3.260581,4.7423835,1.9689946,5.1894827,2.4045477,1.8651562,2.2807205,2.6317167,3.2003043,6.6411304
88,1.3562429,2.2376413,1.5925965,2.5377722,3.6905127,5.5311089,3.9743652,3.1260505,3.1498077,4.6792092,2.3421402,3.586283,2.7569506,2.9843669,1.3144341,3.2651677,2.2875614,4.8657632
89,16.173912,2.9398413,15.186835,0,2.9161048,0,0,4.6833448,5.026907,0,0,0,2.982173,0,4.2871585,5.4216185,3.5616059,6.8406386
91,5.09589,1.8454077,2.8615384,1.1552795,4.5458632,0,0,0,0,0,0,0,0,1.5773724,1.4201503,1.2696246,2.0322289,0
92,5.09589,1.8056029,2.8615384,1.1552795,3.8590479,0,0,3.1260505,0,5.4705882,0,0,0,1.5773724,1.4201503,1.9838942,2.0322289,0
93,5.09589,1.8454077,2.8615384,1.1552795,4.4980645,0,0,0,0,0,2.3928137,0,0,1.5773724,1.4201503,1.2696246,2.9023652,0
94,5.09589,1.8056029,2.8615384,1.1552795,5.3952279,0,0,3.1260505,0,5.4705882,2.3928137,0,0,1.6012572,1.4201503,1.2696246,2.0322289,0
95,5.09589,2.5978744,2.8615384,2.4278476,3.0103123,0,0,3.9641821,0,0,2.3789151,7.4550905,0,0,0,1.3057777,2.2695494,8.1210699
96,1.3562429,2.0487361,2.5933368,3.3961172,2.4104679,4.8072505,0,0,2.8770132,3.1518633,2.0656474,2.6230674,0,2.257633,2.1805673,1.7275475,1.9854996,7.4713001
97,16.173912,2.3190718,1.6942763,1.4615719,2.9940703,7.1099911,4.3604317,3.7199996,3.2643757,4.3586292,1.9287831,2.6017268,2.278306,2.7466099,2.2524936,1.4707589,1.6834491,3.9352264
98,1.3562429,2.2632768,2.4526265,3.722635,3.7930937,8.4616413,3.9397025,4.7497206,3.3883674,5.8289261,2.5157809,3.389127,2.7199645,3.0669231,1.7176348,2.7129297,2.7907269,0
99,5.7482996,2.026135,2.8615384,1.3244389,2.6546364,5.7176218,4.1308937,0,3.0534415,1.8693466,2.2340589,3.9326687,2.4573994,0,1.7646394,2.6987929,2.0274448,0
100,3.0902417,1.6976073,2.4526265,4.1115646,3.8671238,4.9905725,3.6729,3.1260505,3.9249685,3.6587825,2.2337365,4.8352098,2.6508234,3.1877983,2.3337352,2.1158926,2.3481944,3.5756762
101,1.3562429,1.6136169,1.6942763,2.7369001,2.6557522,4.1959634,4.1313829,0,2.9034352,4.9360523,2.1523123,2.689208,2.7535512,0,1.7973799,2.4373968,1.8502072,3.9339914
102,2.0084174,1.9130383,4.395668,2.1653252,2.6003287,5.1697307,0,3.7199996,2.8770132,3.5238903,1.9531779,1.4740449,0,2.2418308,1.9852273,1.4707589,1.8352913,0
103,7.9009686,2.4003286,2.8615384,3.9389746,4.6467524,0,6.9403558,3.5769231,0,0,3.0775554,1.8886411,0,0,1.4596628,1.4154876,2.9207385,9.7117052
104,2.98018,1.9640387,2.8615384,1.9961804,2.6831875,0,0,0,2.8505301,2.4379425,1.9531779,1.3637081,0,1.9557117,1.8813924,1.4707589,2.2712107,0
105,2.98018,1.9640387,2.5933368,1.8813096,2.6831875,0,0,0,0,2.4379425,2.0609787,1.4740449,0,1.9557117,2.0888717,1.4707589,2.161989,0
106,1.3562429,1.5657965,2.8615384,2.1922355,2.326195,0,5.1520276,0,2.8893566,0,2.7974641,3.5688806,2.3309288,2.6853948,1.8732314,0,2.1881428,0
107,1.3562429,2.2989488,1.6942763,2.4055986,2.43134,4.2221169,4.8536696,5.0473185,2.951587,0,2.3308282,3.4740844,2.3568926,0,1.9689958,2.4029937,2.6316764,0
108,1.3562429,1.4886289,1.6942763,3.722635,4.1157842,8.5361109,3.8713448,4.7497206,3.5232594,5.4212956,2.5136805,2.3418865,2.7662001,0,1.5549259,2.0573969,2.5969563,0
109,2.98018,1.9640387,3.9469295,1.3244389,2.6831875,0,0,0,0,2.4379425,1.9553223,1.4740449,0,1.9557117,1.894057,1.9884874,1.9255615,0
110,2.0861228,2.1588252,1.6942763,2.5257678,2.5164728,5.329567,3.963433,0,3.4705229,4.4822607,2.189497,3.3930805,2.7364509,2.5490241,1.3062253,2.3718793,2.3175302,4.1096234
111,1.3179066,1.6439866,2.8615384,3.718369,3.3389962,8.0447588,3.9283018,4.6879215,4.1964045,6.3262424,2.1817176,3.0978799,2.7430058,0,1.5295078,2.474612,2.758528,0
112,9.6950922,1.635914,1.6942763,1.3244389,0,0,0,3.1260505,3.0902147,1.8693466,2.4176137,1.7832354,2.4044924,0,1.8956983,1.3675501,1.7311401,0
113,1.3562429,2.1046863,1.6942763,4.1548519,0,7.8738499,4.1649055,0,3.0343413,0,2.0448687,2.8171318,2.4210966,2.2082012,1.6370151,3.0422456,2.2117002,5.3340831
114,3.4357579,2.6824312,1.6942763,3.741576,2.648267,5.1830115,0,0,2.6452777,3.1518633,2.1891589,4.7678752,2.8307047,2.2709272,1.9542507,0,1.9394717,8.6975164
115,3.2925613,2.0704699,3.9469295,2.3219562,2.4837885,5.4175601,4.6441131,0,3.2566774,4.55582,1.9708325,1.8035522,2.4030128,2.4353518,2.3462396,1.7064022,1.8380711,0
116,1.3562429,1.4744251,1.6942763,4.702827,4.0731196,8.6046009,0,4.8060999,3.5620131,6.0351214,2.5108564,2.3418865,2.5361955,7.5918374,1.5438449,2.0573969,2.6983781,0
117,16.173912,2.9398413,15.186835,0,2.9161048,0,0,4.6833448,5.026907,5.4705882,0,0,2.982173,0,3.1834974,5.4216185,3.5616059,6.8406386
118,2.1946933,1.7895064,2.8615384,1.3244389,0,0,0,0,0,0,0,0,0,0,0,0,0,0
119,1.3562429,1.955364,3.9469295,1.4615719,2.6003287,5.124517,0,3.7199996,2.8450863,3.5238903,1.9531779,1.4740449,0,2.1941841,1.934654,1.4635383,1.8352913,0
120,2.98018,1.9640387,1.6942763,1.8813096,2.6831875,0,0,0,2.9077437,2.4379425,1.9531779,1.7677823,0,1.9634356,1.8673654,1.4154876,2.294255,0
121,1.3562429,2.4223759,1.6942763,3.2438233,2.5661139,7.1933737,5.5951662,4.9407859,3.1414618,0,2.0397613,0,0,2.8016987,3.6534588,2.1636565,2.078774,9.0322962
122,1.6074414,2.2644227,1.6942763,2.9412606,3.5452619,0,3.9780781,0,3.5042558,4.1005106,2.5190275,3.6477673,2.700057,0,1.8823813,2.8865769,2.0664999,5.4396071
123,2.3468826,1.4901589,2.8615384,1.8901249,2.5289965,2.8396947,4.67484,0,2.8995872,0,2.3852949,5.0986948,2.4964528,2.6853948,1.67418,1.7064022,2.0656474,4.8343263
124,1.3562429,2.3174524,1.6942763,1.9509186,3.7013273,7.9676008,0,4.7034917,2.8942707,4.2239046,2.0662405,3.568181,2.4682271,2.1066232,1.6643742,3.8772857,2.6971562,4.4967327
125,1.3562429,1.446813,2.8615384,1.9509186,2.5710647,4.482163,0,3.7017879,2.2545455,1.8693466,1.9425851,3.7374136,2.3262486,0,1.3615509,2.5465298,2.4231205,0
126,3.0852938,2.0926661,3.8923461,1.3244389,4.324697,0,0,0,0,0,0,3.0309272,0,0,0,1.4154876,0,0
127,1.3562429,1.9791014,1.6942763,1.917926,2.9160025,5.1237493,0,3.1260505,2.8737688,5.0749822,1.9531779,1.4740449,2.84974,2.7440951,2.251821,1.4707589,1.6689979,0
128,1.3562429,2.078696,2.8615384,1.3244389,2.3670325,6.5414786,4.4696779,3.7199996,0,5.2035656,2.2023439,3.8324447,0,2.4574621,2.9231322,1.7510371,1.9440929,0
129,5.09589,1.5763574,24.800003,1.7826923,2.7807975,5.7395535,3.9251211,3.1260505,3.3176169,4.370997,2.0104363,2.841826,2.7885106,0,1.3580728,2.6481946,2.0714064,0
130,1.3562429,1.8842722,1.6942763,1.3244389,2.8457975,0,0,0,0,3.1518633,2.0609787,1.4740449,0,1.7827212,1.9398152,1.5594511,2.0501924,0
131,1.3562429,2.161135,1.6942763,3.2649107,2.9001632,8.4928675,4.4369593,0,3.2578042,1.8693466,2.2791796,2.2319655,2.4894977,1.974683,1.6546865,1.5378501,2.1855173,4.4026494
132,1.3562429,2.344039,1.6942763,4.2442088,2.5595372,7.3791709,0,4.9167814,3.0914469,3.787822,2.0740004,4.8602443,2.2245011,1.9829588,3.5931756,0,1.9838213,0
133,1.3562429,1.7527961,1.6942763,1.4615719,3.2085662,4.8628736,4.2295699,0,2.9957631,1.8693466,2.5043356,3.3123419,0,0,1.3144341,1.9108983,2.0291712,0
134,1.3562429,1.7181562,1.6942763,1.3244389,2.3171837,3.4944563,4.0806756,0,2.9504101,0,2.1786585,3.0588136,2.537571,2.6111162,1.8514752,2.0769269,2.1758523,3.7810662
135,2.1553695,1.446813,2.4526265,1.87988,3.7295923,7.2437844,0,3.4101186,0,0,2.1631584,3.9198966,2.3692267,0,1.3615509,2.2973409,2.6703415,3.5980294
136,1.3179066,1.6173911,2.1571262,1.3244389,0,0,0,0,0,0,2.4916766,2.2897618,0,0,1.7945067,1.8864627,2.8579495,0
137,1.3562429,2.1020846,2.8615384,1.1552795,2.5372155,3.3172002,0,0,0,0,2.0430255,3.1975319,0,1.953185,1.8895166,1.5716211,1.9255615,0
138,1.3562429,1.73252,1.6942763,1.3244389,0,0,0,0,0,0,2.1786585,1.4740449,0,2.7304425,1.2656895,1.3675501,1.6244541,0
139,1.3562429,2.4740317,1.6942763,3.65201,5.5152569,7.7669988,3.8825386,0,3.1583261,0,2.0448687,1.3637081,2.525979,1.9415178,1.6370151,0,1.9610974,4.6171269
140,5.09589,1.5914712,2.8615384,1.1552795,0,0,0,0,0,0,0,0,0,0,0,0,3.4444444,0
141,2.6151998,1.9926898,2.8615384,3.0086219,0,0,0,0,0,3.1917362,1.9531779,1.9537858,2.0820661,1.7419834,2.2418718,1.2696246,1.5455221,17.766235
142,1.3562429,2.4211924,1.6942763,4.2662616,2.6409762,6.4549623,4.6613173,4.9407859,3.036978,2.4379425,2.0397613,2.1180856,2.224798,2.3128831,3.4310908,0,2.078774,7.299902
143,1.3562429,1.642947,1.6942763,3.2387042,2.5658913,3.7782569,4.0415578,0,3.251272,2.4379425,2.1488533,1.7832354,2.3287008,1.846234,1.7301273,1.5274036,1.9212576,0
144,5.09589,1.5938933,2.8615384,1.1552795,3.5285134,0,0,0,0,0,2.3928137,1.1698112,0,1.5773724,1.4201503,0,2.0322289,0
145,1.3179066,1.9952604,2.8615384,1.1552795,3.5285134,0,0,3.1260505,0,0,2.3928137,1.1698112,0,1.6454017,1.4201503,0,2.0322289,0
146,5.09589,2.0426846,2.8615384,1.1552795,5.5522385,0,0,0,0,0,2.3928137,1.1698112,0,1.6012572,1.4201503,1.2696246,2.3241773,0
147,1.3562429,2.0793579,2.8615384,1.1552795,2.649615,3.663538,0,0,0,3.1610446,1.9531779,3.0309272,0,1.7584347,2.1869411,2.2991166,1.6071204,0
148,1.3562429,1.9979759,1.6942763,1.3244389,2.9446013,0,0,3.7199996,0,3.1978781,2.3928137,2.3791869,0,1.6454017,1.7615049,1.9215801,3.7994308,0
149,5.09589,2.1131046,2.8615384,1.1552795,3.2969913,0,0,0,0,0,2.3928137,1.1698112,0,1.6012572,1.4201503,1.2696246,2.0322289,0
150,5.09589,2.0290458,2.8615384,1.1552795,3.1214628,0,0,0,0,0,2.3928137,1.1698112,0,1.6012572,1.4240214,0,2.0322289,0
151,5.09589,2.0933392,2.8615384,1.1552795,0,0,0,0,0,0,2.3928137,1.1698112,0,1.6012572,1.4201503,0,2.0322289,0
152,16.173912,2.0460758,2.8615384,0,3.1363015,0,0,0,0,0,0,2.8387849,0,1.6406424,1.8588094,1.2696246,4.4193225,9.0389872
153,3.4143424,1.4212135,3.8923461,1.3244389,0,0,0,0,0,3.1518633,3.601872,1.1698112,0,0,1.6959957,1.4470323,2.3109102,0
154,3.4832883,2.3514395,2.7746437,4.1013284,2.6241553,6.9132638,6.2308154,4.9436655,3.1713684,4.7667909,2.5844147,3.4729693,2.5855148,2.4808981,1.7734491,1.7093239,2.8566551,4.1855621
155,3.6436574,1.8690877,3.9469295,1.7826923,2.9840288,3.3172002,0,3.7199996,0,3.1518633,1.8007575,2.2526119,0,2.538986,2.1836016,1.4707589,2.0210295,0
156,5.09589,2.1205873,1.6942763,3.1512585,2.4951847,8.2561913,4.2863288,5.6094122,3.1808286,3.1610446,2.0755289,1.1698112,2.3929181,2.2118192,1.6324117,1.5378501,2.195832,4.281199
157,2.0084174,1.375726,2.5769978,1.4615719,3.4431157,0,0,3.1260505,0,0,1.9689946,3.55794,0,0,1.711561,1.9108983,2.9935675,0
158,1.3562429,1.497582,1.6942763,1.3244389,2.9432044,0,0,0,0,0,1.9095435,5.0203733,0,2.0135984,1.4141971,1.6497107,1.7842753,0
159,1.3562429,1.6623149,1.6942763,4.3272276,4.1157842,8.6173372,3.8713448,4.7497206,3.5232594,4.9021864,3.0077703,2.6232221,2.7662001,1.8757374,1.5438449,2.0573969,2.6078594,0
160,1.3562429,2.2955306,1.6942763,6.54141,3.2591112,8.1362333,3.9143193,4.6902008,3.6389389,5.4994292,2.2668302,4.1634727,2.7543991,3.8076398,1.5295078,2.4285808,2.7290998,0
161,1.3562429,1.8332771,1.6942763,1.3244389,2.5372155,0,0,0,0,3.1518633,1.9531779,1.4740449,0,1.9634356,2.1946158,1.4154876,1.9255615,0
162,1.6074414,1.8430159,2.8615384,2.219887,2.2208226,0,4.9475226,0,3.1023321,0,2.0354841,4.0915518,2.2741234,2.5807645,1.6374973,2.1151409,2.0103889,4.5899248
163,1.3562429,2.3491282,2.8615384,2.2069013,3.6497083,7.6102896,4.0788207,3.7017879,3.6803935,4.3616071,2.1405478,2.8831434,2.8645325,4.1019692,1.3615509,2.9208279,2.6329713,4.3969402
164,3.0902417,1.6161331,2.4526265,4.101295,3.8671238,4.9905725,3.6729,3.1260505,3.9249685,2.4379425,2.0629787,4.8352098,2.6508234,3.1732397,2.6060398,2.1158926,2.3481944,3.5756762
165,1.6074414,1.8255302,2.8615384,2.7008083,2.4211149,5.4499478,4.9827394,4.6236167,2.9605134,0,2.3239,4.8140187,2.4772687,2.1069038,1.8741169,2.4375486,2.8724496,4.8106842
167,6.7854304,1.8299567,1.6942763,4.101295,3.521322,6.8140121,3.6014998,3.1260505,3.2430651,0,2.2298043,4.0917249,2.7489247,3.0971389,2.0779161,2.2889106,2.018837,4.8844028
168,1.3562429,2.2347653,2.4526265,2.2841287,3.6564443,0,4.0633178,0,3.0498936,4.6956143,2.1952891,3.6513267,2.5352399,1.6426386,1.6374973,2.474612,2.5897198,5.2686982
169,2.1553695,2.1966612,1.6942763,4.289989,3.5674586,0,4.9908633,5.1415234,3.7375808,5.1062412,2.2838964,4.3421674,2.7528753,3.4327035,2.873385,2.4285808,3.4095137,4.2234774
170,1.3562429,2.2742925,3.3301098,1.4615719,3.0989909,0,0,3.7199996,0,4.55582,2.0502656,1.4740449,0,2.5214071,2.1235983,1.6370906,2.531352,0
171,2.1553695,1.7220714,2.4526265,4.2266679,3.2663758,0,4.0967131,4.8119593,3.1381676,3.6718137,1.9951063,4.2750626,2.5603454,0,1.3615509,2.3027024,2.6752005,3.599153
172,1.3562429,2.2095201,1.6942763,3.1266017,2.6161313,7.4216981,4.6924419,6.6428571,3.1854601,4.7428246,1.856163,2.6274276,2.5717609,2.1668382,1.9603577,2.5402355,2.1362848,4.3678365
173,3.3545775,1.9527278,2.5769978,2.5819199,4.3201165,0,0,5.3568459,0,3.1518633,2.0921052,2.8397548,0,1.9853495,2.3156712,1.8115482,3.4462554,0
174,1.3562429,1.9884911,1.6942763,3.0544558,2.4921818,6.4652586,4.0988073,0,3.1434376,1.8693466,2.4386415,2.90312,2.6181619,2.3090682,1.7300684,2.3617597,2.018553,4.8071761
175,1.3562429,1.5300164,1.6942763,2.6284013,2.3770137,2.8396947,0,0,0,0,2.0825598,2.8179293,0,0,1.4358221,2.5199921,1.9502621,0
176,3.0902417,1.6161331,2.4526265,4.101295,3.8671238,4.9905725,3.6014998,3.1260505,3.9249685,2.4379425,2.2337365,4.8352098,2.6508234,3.1732397,2.3337352,2.1158926,2.3481944,3.5756762
177,1.3562429,1.553198,1.6942763,1.9961804,0,0,0,0,0,0,2.073786,4.6505642,0,2.7304425,1.3144341,1.6497107,0,0
178,5.09589,1.5064789,2.8615384,3.6219561,2.9161048,0,0,0,0,0,0,2.9210856,0,0,1.2455937,1.3675501,2.2824233,0
179,2.5735474,2.0178957,2.8615384,3.5077755,3.0402179,0,4.2979274,3.9392881,3.2093875,0,1.9553223,3.9674523,2.2453699,3.137043,2.078289,2.2052164,2.6325338,4.7223325
180,1.6689082,1.5061935,2.8615384,1.3244389,0,0,0,0,0,0,3.4362335,0,0,1.8734887,1.4201392,1.3675501,1.5684181,0
181,1.3562429,1.9640387,2.8615384,1.1552795,2.6831875,0,0,0,0,3.1610446,2.0430255,2.3399003,0,1.953185,1.8895166,1.8302091,2.7313836,0
183,1.3562429,1.828558,1.6942763,1.9283617,2.8958499,7.1885509,4.3390932,0,3.4477112,0,2.226805,3.2683613,2.4494839,2.229847,1.3499699,2.4303827,2.3904889,4.4825392
184,1.3562429,2.4244707,1.6942763,4.5358233,2.3646657,6.7832074,4.8042951,4.9407859,3.2064445,4.1662235,2.1848376,1.8020921,2.2245011,2.3128831,3.3502398,0,2.1275616,8.2211838
186,1.3562429,1.9640387,2.8615384,1.1552795,2.6831875,5.122685,0,0,0,1.8693466,2.0430255,1.4740449,0,1.953185,1.8181086,1.5594511,1.9255615,0
187,5.09589,1.8040242,2.8615384,2.7320311,2.2643645,0,5.0915489,0,4.4937739,0,2.4112222,1.7677823,2.5865188,2.0813613,1.3358704,1.7434644,2.1467564,0
188,4.917942,1.9259861,3.4080093,2.5868502,3.7249248,6.1258078,3.9389877,3.4101186,3.1666996,0,2.0923955,5.5203204,2.7183309,3.4497914,1.7858132,3.3187099,2.4287291,4.5935197
189,16.173912,1.7666291,3.9469295,1.7826923,2.5278325,5.6131234,0,3.7199996,2.9227531,3.8059378,1.9531779,1.8035522,0,2.5505471,2.2285573,2.1488833,2.9906292,0
190,2.1273637,2.2689269,2.4526265,3.0523374,2.7279358,4.2714992,0,4.788599,0,4.2460861,2.1756713,2.9887545,2.4876168,2.0820684,1.6374973,2.6081851,2.5307193,5.0301781
191,1.3562429,1.6307474,3.9469295,2.0735977,2.9584794,5.6131234,0,3.7199996,2.9091673,3.8059378,1.9651948,1.8035522,0,2.5505471,2.1952789,1.4154876,2.8274837,0
192,1.3562429,1.9849653,2.8615384,3.7561851,2.9347906,5.122685,0,4.8344221,0,0,1.9617889,2.2797053,0,0,1.3144341,2.0107105,2.3916216,0
194,3.1638811,2.1288841,3.9469295,2.405086,3.1985011,5.7132721,4.7312603,3.7199996,0,4.5305524,1.8634957,2.5307529,2.3288212,2.9286604,2.4405258,2.8020222,2.2812772,4.015708
195,1.6074414,2.4766843,2.0945559,4.1670718,3.1133275,6.8533483,5.0507102,5.1521831,4.4601994,4.6714201,2.1824086,2.9244685,2.448458,2.4246511,2.9819863,2.0107105,3.1931286,4.4158044
196,6.6336451,1.6252052,2.5769978,4.2060738,3.4238276,5.5398092,3.6014998,3.1260505,2.9569044,0,2.1708975,4.2231908,2.5408082,2.8192546,1.946031,2.2205243,2.0568025,4.5905628
197,3.5148358,2.3555725,3.4080093,4.0936923,3.1403,5.649951,4.0321193,4.3157506,4.1908431,4.8554282,2.1345248,3.0641849,2.571346,2.517812,1.6507428,2.9968135,2.7940824,4.6586046
198,5.09589,1.6966705,2.8615384,2.3464236,3.0348725,0,3.7647786,0,2.9318597,0,2.4679868,4.1414204,2.4293842,1.9540074,1.2410249,2.6813402,2.6446741,5.0715985
199,2.1273637,1.7859323,1.6942763,3.3519988,2.8194849,7.7292404,4.5195875,0,3.1394606,1.8693466,2.3518682,6.9023428,2.3954089,2.0813613,2.3520713,2.7860544,2.1474781,4.2606382
200,3.6436574,1.8379167,3.9469295,2.595145,3.1985011,5.7554622,4.7312603,3.7199996,3.3535092,4.5305524,1.9531779,2.7356951,2.4677365,2.9163537,2.4405258,1.7064022,2.4951332,4.3800893
201,2.1553695,2.0381157,1.6942763,4.9680829,3.7992291,0,5.0091171,5.3039303,3.516145,4.7051086,2.1041965,3.5616405,2.6439869,3.5060127,1.5223922,2.6424017,3.3725629,5.2766962
202,2.8646069,1.4744251,2.5769978,3.4414074,3.5084333,0,0,0,0,0,2.2543597,3.2004216,0,0,1.3615509,1.6174061,3.0325963,0
203,1.3562429,1.5433074,2.4526265,4.3072605,3.7470834,0,3.81071,3.1260505,0,4.0383348,2.0234013,3.6815159,2.4158881,2.8384085,1.3615509,2.4612889,2.4237449,3.9150393
204,1.3562429,2.2171614,2.5933368,1.8901249,2.8559315,0,3.9283018,4.3986096,3.1637943,0,1.9945978,4.1771955,2.6217995,2.5553303,1.4576114,2.6743777,2.4330044,4.8498559
205,1.3562429,1.7197154,1.6942763,3.0127404,0,3.8687086,4.4283938,3.1260505,2.7230816,3.1062155,2.4171896,4.1983924,2.5230005,1.7352823,2.4364202,2.9415185,2.4645212,4.5935197
206,2.1273637,1.9971436,1.6942763,4.30825,2.7279358,4.3494306,4.1280489,4.7159519,2.9317057,0,2.193687,3.3927739,2.4451509,2.0743606,1.6374973,2.6125,2.5573766,4.2884126
207,2.8646069,1.4934462,2.5769978,5.0681763,3.0958705,0,0,3.1260505,0,1.8693466,2.3894937,1.1698112,0,0,1.76235,0,2.251771,0
208,7.1370277,1.5833064,4.1518507,0,3.8192599,0,3.7696099,0,3.2656128,0,2.0925198,3.4637241,2.5352399,2.7630875,1.8591356,2.179369,2.1679831,3.599153
209,1.3562429,2.3992009,1.6942763,2.528919,3.0179632,5.6951909,4.628212,3.1260505,3.1556966,4.2698808,2.0730567,2.433213,2.4321284,1.7079301,1.8686619,3.0542257,2.3126581,4.0830107
210,1.6074414,1.7349548,2.8615384,1.8901249,2.4914625,5.3986721,0,3.1260505,3.180737,0,1.9951063,3.8556898,2.4436235,0,1.5595177,2.0210056,2.5272095,4.5345607
211,2.8590913,2.6533799,2.0945559,7.1850758,4.1531868,9.3734426,3.8918619,4.4661274,4.710722,4.989222,2.2000189,4.207027,2.6747622,3.9857702,1.3144341,2.4867716,2.7096252,0
212,1.3562429,1.5433074,2.4526265,4.3072605,3.7470834,0,3.9692385,3.1260505,0,4.0383348,2.0234013,3.6815159,2.4158881,2.8384085,1.5223922,2.4612889,2.4237449,3.9150393
213,2.2507281,2.1640255,2.6989083,2.9882624,3.8006339,5.2830176,4.1537027,3.4101186,3.4046068,3.8962662,2.6498928,3.550096,2.5418859,3.174335,1.3615509,2.3607826,2.924042,3.7995644
214,1.3562429,2.3045015,1.6942763,7.1503925,3.2591112,8.1362333,3.8713448,4.3986096,3.6389389,6.1287017,2.2668302,5.1705685,2.6806407,4.090941,1.5295078,2.4285808,2.7186832,0
215,16.173912,1.9977525,3.9469295,2.3219562,2.5278325,5.7487898,4.0239601,3.7199996,2.7380614,4.4851246,1.9531779,1.8035522,2.3442259,3.398473,2.1989453,1.4707589,3.0060315,4.0884819
216,5.09589,3.5394022,2.8615384,2.7861962,0,0,0,0,0,0,2.5170336,6.9699512,0,0,0,2.9827507,1.7632588,7.1773748
217,1.3562429,1.905827,2.4526265,1.8901249,3.5022418,0,4.1851387,3.1260505,3.0770085,3.3525035,2.066947,3.965219,2.684901,2.376626,1.3615509,2.7629755,2.6073697,4.0045581
218,5.09589,1.9590021,2.8615384,1.1552795,3.3865006,0,0,0,0,0,0,1.1698112,0,1.6426386,1.3420327,0,2.9023652,0
220,16.173912,1.8454202,1.5925965,3.6074467,0,5.9100752,4.7836127,4.80159,3.1295416,4.6984606,2.0040016,2.3402627,2.3039851,2.538986,2.3486855,1.7064022,3.0152695,4.0884819
221,16.173912,1.7581474,3.9469295,3.65131,2.3608017,5.9131341,0,5.0482707,2.8559897,4.214529,1.9531779,1.8035522,0,2.5505471,2.0711801,1.4707589,3.0145152,0
222,1.3562429,1.4587514,1.6942763,7.1595311,3.2591112,8.0643215,3.8713448,4.6902008,3.5232594,5.7200284,2.2668302,3.7827418,2.7543991,2.4744904,1.5295078,2.3486462,2.6709571,0
223,5.09589,5.0313849,2.8615384,1.1552795,0,0,0,0,0,0,0,1.1698112,0,0,0,1.3429602,2.9023652,0
224,3.9444313,1.2316201,3.7187932,1.1552795,0,4.4135852,0,3.4101186,0,0,2.2174668,2.4229963,0,0,1.2376943,1.7308789,2.3471889,0
225,5.09589,1.9815739,2.8615384,0,3.8706331,0,0,0,0,0,0,1.1698112,0,1.5658129,1.4621135,0,2.9023652,0
226,5.09589,1.8454077,2.8615384,1.1552795,3.8706331,0,0,0,0,0,0,1.1698112,0,1.6012572,1.4201503,1.2696246,2.9023652,0
227,1.3562429,1.4744251,1.6942763,4.2593694,0,0,0,3.1260505,0,0,2.1796107,3.4163935,0,0,1.6695117,2.4679754,2.6107085,0
228,3.0902417,1.6161331,2.4526265,2.1045606,3.8671238,4.9905725,3.6729,3.1260505,3.9249685,0,2.2337365,4.8352098,2.6508234,3.1732397,1.9077458,2.1158926,2.3481944,3.5756762
229,2.5735474,2.4681394,5.0530734,4.7022886,3.1463926,6.5983915,6.1243844,5.1954603,3.1415477,4.8568969,1.9568697,3.8482604,2.4219623,3.0350111,2.1933775,2.8146284,3.1196158,4.4791756
230,4.9982581,2.3781984,2.0945559,5.1935301,2.7008018,6.4391575,5.2565312,5.2853427,3.2545781,5.0701432,1.9891777,4.850009,2.4649234,2.3922353,1.8536669,2.3349245,3.2192373,6.208858
231,1.3562429,2.0659502,1.6942763,4.7293825,3.6971169,0,5.0169392,5.1772695,3.7375808,5.213531,1.9519647,2.5909834,2.6388059,3.8634818,1.5449882,2.716321,2.7479665,4.3274446
232,1.3562429,1.7126722,1.6942763,4.5615597,0,0,0,4.9044867,0,0,2.1607711,1.4740449,0,4.1965728,2.2449298,1.9162815,2.9122584,0
233,3.0902417,1.6161331,2.4526265,4.1115646,3.8671238,4.9905725,3.6014998,3.1260505,3.9249685,2.4379425,2.2337365,4.8352098,2.6508234,3.1732397,1.9077458,2.1158926,2.3481944,3.5756762
234,4.5235133,1.6622726,2.8615384,1.3244389,2.7572911,0,0,0,3.1523297,5.4705882,1.9518425,1.8035522,2.3025994,2.6089559,1.7187394,1.6814002,3.4444444,0
235,16.173912,2.9398413,24.800003,0,2.9161048,0,0,4.6833448,5.026907,1.8693466,0,3.1985507,2.982173,0,2.9731426,5.4216185,3.5616059,6.8406386
236,4.974432,2.2017508,2.0945559,4.3632336,3.0563323,6.2944403,0,5.1908336,0,0,1.9940065,2.2811594,0,0,1.6374973,1.9551555,3.2019999,0
237,2.0861228,2.066561,1.6942763,2.7200899,2.8626292,7.2285385,4.4980488,4.5790219,3.2017143,0,2.2054331,3.617178,2.6265814,2.1599791,1.8783574,2.2881093,2.3533537,4.8324733
238,1.3562429,1.6443025,2.8615384,1.3244389,2.6776557,2.6956522,0,0,0,0,1.9281079,1.8720862,0,0,1.3730112,1.5594511,2.5598233,0
239,3.6558297,2.247524,2.6989083,1.9283617,3.8889377,4.5899448,4.1293755,3.4101186,3.0185013,3.9434726,2.6005414,3.6497226,2.5458083,3.174335,1.3615509,2.474612,3.269778,3.8370435
240,2.1273637,1.5355505,2.9153209,1.3244389,4.4133158,0,0,0,0,3.1518633,2.1392357,1.1698112,0,0,1.67418,1.9543458,3.4444444,0
241,1.3562429,1.5424728,2.4526265,4.2397532,3.7470834,0,3.81071,3.1260505,0,4.0383348,2.0234013,3.6815159,2.4369748,2.8384085,1.5223922,2.4612889,2.4237449,3.9150393
242,1.3562429,1.9796195,2.6623275,1.3244389,3.6359873,5.4888239,3.9969299,0,2.9633565,0,2.1131554,4.5151954,2.7183654,3.1784923,1.8402493,2.0769269,0,3.9767277
243,2.1926913,2.096169,2.6989083,2.4025898,2.582696,5.3632779,4.1475163,6.6428571,3.206691,4.3731985,2.1148429,3.4462624,2.6045287,2.2895401,1.8732314,2.1313765,2.5981359,0
244,1.3562429,2.6509378,1.6942763,4.2080798,0,5.4949465,3.9452031,4.8342547,3.3484833,4.343832,2.1785824,3.3892422,2.6020675,2.1336396,1.3615509,2.5196645,2.8500512,5.4802599
245,1.3562429,1.5971584,1.6942763,0,0,0,0,0,0,0,2.1397552,4.0768228,0,0,1.6374973,2.1063232,0,0
246,2.1553695,1.4015995,1.6942763,2.194586,3.6126513,6.3996968,4.2347407,3.1260505,2.9418671,4.4283795,2.171741,3.9784143,2.6464596,0,1.7082304,2.5853479,3.1049316,3.7922063
247,1.3562429,2.1896224,2.4526265,1.9283617,0,0,4.1479015,3.1260505,3.2737939,4.6764727,2.4176137,2.4167666,2.5730069,2.1245503,1.9267448,2.240664,2.7617664,0
248,2.1926913,2.6108909,2.0945559,5.448977,3.2133043,6.9856439,4.571259,5.5529046,2.9163728,5.1224642,1.9531779,4.3436251,2.3826175,1.886245,2.3878784,1.9328099,2.9872947,6.5563617
249,1.6074414,1.8384193,2.314935,3.4816976,2.698262,6.4358115,0,5.0011926,3.2316699,3.3198524,1.7971776,4.793735,2.4113004,2.7409678,1.8956983,2.3473995,3.0530846,0
250,3.8303244,2.742806,3.2792337,5.2244377,3.0662367,7.2824297,4.1948028,5.3074265,3.3086128,5.1224642,1.9531779,4.7307253,2.5080202,2.3135741,3.1495075,4.5590038,3.0492308,5.5771685
251,2.1926913,2.5201735,2.0945559,5.778152,3.2133043,8.8029671,4.8676085,5.5529046,3.0292075,7.2348447,1.9531779,4.3271146,2.4648864,2.1815677,1.9365987,2.1014555,3.044811,5.8016191
252,1.3562429,1.8547133,3.2792337,2.1798108,2.3830755,4.5798469,0,0,2.9115713,3.3198524,2.2433498,3.1318817,2.4169548,3.1562271,1.706776,2.1613958,2.917882,0
253,2.1273637,1.9103963,3.2792337,3.4481046,2.9134173,0,0,4.5217242,0,4.3477755,2.1375942,2.889142,2.3786874,1.6406424,1.7763686,2.3607826,2.9961591,0
254,4.5854421,2.1518373,3.2792337,3.867589,2.7743559,6.1076884,4.4693813,4.9407239,3.1231406,5.0527716,2.593076,2.4450605,2.3199968,2.5879414,2.2433929,3.2883406,2.8993819,4.0884819
255,17.349174,2.9468584,1.6909091,3.1582818,4.1315484,6.4757414,4.8399882,0,3.1311693,4.5958085,0,6.9911232,2.437572,1.8135687,2.8598914,4.1153016,0,6.4954519
256,2.8020427,2.3306963,2.8615384,3.9024384,2.7866166,9.0227509,3.9654686,4.5807343,3.9065633,4.4971766,2.1460841,2.7796881,2.7243097,3.2698169,1.3144341,3.6636844,2.6009202,5.4583549
257,5.09589,2.9568646,2.8615384,0,0,6.4757414,4.8399882,0,3.1311693,0,0,0,0,0,0,4.1153016,3.3140931,0
258,16.173912,1.686675,3.9469295,3.6418674,3.0299973,5.7604065,0,5.0482707,2.7412701,3.9484603,1.9531779,1.8035522,0,2.5505471,2.1118605,1.4707589,3.2073891,0
259,1.3562429,2.2508712,1.6942763,1.9283617,4.9979458,8.5501995,4.0106626,0,3.1214452,4.5626793,2.1053946,3.7889938,2.6353786,2.7777364,1.4120736,2.8049912,2.363224,5.1789994
260,3.0170445,1.8070549,2.0945559,4.6348486,3.1923137,8.3153105,4.719758,5.0654531,4.7333999,4.7498317,2.1817586,2.8252625,2.7827971,3.3865664,1.6750219,2.8430514,3.0095389,4.4922071
261,1.3562429,2.0307431,1.6942763,4.7500854,3.7002954,0,4.9028959,5.2600799,3.3950152,5.0567684,2.4525964,3.3244791,2.7090812,3.1490402,1.7554916,2.6055396,3.2036805,4.6650147
262,1.3562429,1.4744251,1.6942763,2.3903127,0,0,0,3.1260505,0,0,2.1111815,2.9785476,0,0,1.3615509,2.2973409,2.6329877,0
263,1.3562429,1.9088788,1.6942763,1.3244389,0,0,0,0,2.7707901,4.6666312,1.9868337,1.8639711,2.4371428,2.7099183,1.8732314,1.3800133,2.0585232,4.4269361
264,5.09589,2.9468584,2.8615384,0,0,6.4757414,4.8399882,0,3.1311693,0,0,2.2626631,0,0,0,4.1153016,3.3140931,0
265,3.3932378,1.4587514,1.6942763,1.3244389,0,0,0,0,0,0,2.2273242,2.5870016,0,3.3243048,1.4358221,1.4470323,0,0
266,2.8020427,2.4262955,2.1571262,4.5063314,0,0,0,4.6902008,3.2544537,4.4659424,2.1375942,2.6592338,2.6914957,1.9313082,1.3144341,0,0,0
267,5.09589,2.5978744,5.1587114,1.3244389,3.0103123,0,0,0,0,0,3.1910045,2.4899454,0,1.9937822,2.1133134,1.3057777,2.2695494,0
268,1.3562429,1.8643782,3.7181952,1.9283617,2.844346,8.5533438,4.0424085,3.1260505,3.6968,3.1518633,2.2440226,3.8389649,2.4540045,2.2856121,1.6374973,4.0724497,3.085674,5.4784055
269,0,1.6268568,2.8615384,0,1.8443208,0,0,3.1260505,0,0,2.1460238,0,0,0,1.7840163,0,0,0
270,4.3637309,2.518218,2.1571262,3.6486294,3.3005931,7.228375,4.7710261,3.1260505,3.7918804,3.9484603,2.071866,3.0274069,2.3800571,2.9818501,1.7179971,4.7640324,2.9788108,4.1354661
271,5.6485815,2.5119045,5.8200917,2.2841287,0,7.3034844,4.350667,3.1260505,4.2009969,0,2.1364253,2.9115064,2.5366747,2.2623303,1.7521013,4.6746116,3.1768253,4.5850205
272,9.1596279,2.1625364,6.8437529,0,0,0,0,0,0,0,2.03896,0,0,0,1.2656895,0,0,0
273,1.3562429,2.493649,1.6942763,3.3221936,0,6.401155,4.9399843,4.5569625,3.110132,3.8059378,2.3242993,3.0493355,2.5758946,2.0820684,1.6370151,4.7996054,2.5804019,4.1626744
274,2.1553695,1.647398,2.4526265,1.9283617,3.6366236,6.0047555,4.0822525,0,3.3449667,0,2.1380661,3.9605081,2.6186559,2.7747502,1.7798512,2.8909628,0,3.3579824
275,3.3960512,1.4302957,2.1571262,1.3244389,0,0,0,0,0,0,2.151901,1.1698112,0,4.4122257,1.2656895,1.6662127,2.8579495,0
276,3.3644536,2.4066229,2.1571262,4.2904978,3.7029996,7.7415838,4.0879135,5.035665,4.0009708,4.7897534,2.3022265,2.5872366,2.7332313,2.6903207,1.3615509,3.0924211,3.2742648,4.5622435
277,3.4385006,2.1663492,2.4526265,2.1045606,3.8358736,5.9403,4.8428106,6.1019921,3.4558277,4.9302354,1.9940785,3.468863,2.5557263,2.0851851,1.3615509,2.709913,3.1575317,0
278,5.09589,1.7220714,4.6140919,2.1045606,3.6458316,0,4.9174423,6.6428571,3.5787807,4.7147026,2.1938396,4.3716855,2.5863762,2.3617477,1.413969,3.087276,3.1624391,0
279,1.3562429,1.6966705,1.6942763,1.9283617,3.0482404,2.8396947,5.1551256,0,3.8785791,0,2.1139159,2.2497034,2.5267787,0,1.6374973,2.3741496,1.8074923,0
280,2.6298194,2.1126921,1.6942763,2.3684914,2.5110433,4.5978599,4.5317039,0,3.1545935,0,2.1302216,3.2442398,2.4297757,2.801089,1.6374973,2.5573061,2.7348444,3.8376586
281,3.4880674,3.3427036,3.8234262,5.6950359,5.7708926,10.408458,4.2591634,5.1415234,5.7778563,5.5112543,2.4652002,5.3237729,2.6977439,8.5729551,2.2460992,4.7594304,2.8017855,4.8594337
282,5.09589,0,2.8615384,2.2608187,0,10.833932,0,0,0,0,0,2.7761192,0,0,0,1.3800133,2.3441582,4.1421986
283,16.173912,2.1887112,15.186835,2.3398638,2.8490806,5.7730384,0,4.5597997,5.1042824,4.8699102,0,6.1869807,2.0706284,2.6641388,4.229856,8.9888687,3.0461054,6.4954519
284,10.826717,2.3965063,2.5933368,5.3314443,4.9294114,7.2449026,5.835207,5.3271227,3.8556221,5.6641812,2.8378978,3.8310957,2.7157707,5.5873861,2.9349213,4.5483518,3.1851094,6.0573688
285,0,2.4801965,1.5925965,5.6426187,5.2802777,6.7217164,5.4418716,5.3552771,3.4918327,4.5693536,2.7201068,4.5927486,2.73402,5.8340807,4.0873723,4.4269824,3.4101985,6.2927079
286,3.3380332,2.7010052,2.6623275,4.5525041,4.1685586,7.5509181,4.9397779,4.8320003,3.5731218,5.3513651,2.3483188,3.5182447,2.6742904,3.9109979,2.624851,3.9216876,3.1233888,4.5132275
287,3.5594141,2.5428443,4.3932643,5.4690557,3.6290886,6.3512812,0,5.1019535,3.6209679,4.8489242,2.961473,4.2207694,2.5928266,5.7322264,2.4698408,4.8710737,3.1416824,4.0422025
288,3.3380332,2.3700554,3.2018557,5.4440756,4.3517179,7.4486732,6.0491328,5.1883574,3.5981083,5.1261921,2.5187373,4.3888879,2.7504926,6.3784966,3.2877088,4.6622601,2.9253402,4.0422025
289,2.1000016,0,2.7973785,3.6038499,3.1476212,0,0,5.2832813,2.9204283,0,2.5700591,4.4906006,0,0,1.4173647,2.7820733,3.0557439,0
290,2.2835193,0,2.3889759,3.1087155,4.0542679,0,0,0,0,0,2.4266784,2.8694258,0,0,1.3078742,2.0110965,2.4386022,0
291,7.7148705,2.9099259,5.7937808,8.3774004,5.6742764,9.3821764,4.4911613,5.0810194,5.201849,5.2987533,2.2140517,5.6662273,2.7044249,8.1467695,2.7395837,4.1017256,3.3343704,5.0586033
292,2.1000016,2.7036366,2.0190358,0,2.9992931,7.5241075,0,0,3.2572255,0,2.5794446,4.1249647,2.4112782,0,1.711561,3.2671564,2.7943323,3.926553
293,2.9918056,2.6936831,2.0717885,0,3.3884563,3.0471339,4.5472903,0,4.447958,0,2.7339861,3.5545893,2.710562,1.5897436,1.711561,3.4245899,0,3.926553
294,2.1000016,0,2.0717885,0,2.4096665,0,0,0,2.5455253,0,2.4672444,3.268281,2.4796598,0,1.9169579,4.4222455,2.8160892,0
295,2.1000016,0,2.0190358,0,2.6395228,0,0,0,0,0,2.4672444,3.4284761,2.9916754,0,2.0969715,4.3671021,3.4083352,0
296,2.9918056,3.6514337,2.8629246,0,3.1793144,7.7832561,0,0,3.4932621,4.607554,2.5186937,3.4282947,2.6595807,0,1.9758954,5.8606133,2.7120337,5.4072194
297,2.2507281,2.4240279,3.238786,3.5508204,3.0236912,5.0392179,4.2416954,5.286202,3.6119616,3.9825251,2.5086212,3.3473325,2.6201463,0,1.6374973,3.0402658,2.5882051,5.3550076
298,2.9918056,0,4.9708443,0,2.6191356,0,0,0,0,0,2.0626996,0,0,0,0,2.1044908,1.9470761,0
299,2.1000016,0,2.0717885,0,0,0,0,0,0,0,2.6972117,0,0,0,2.0285869,0,0,0
300,5.8174839,2.4996924,2.1571262,3.8460779,3.5190384,7.7935395,4.0680404,4.9909744,3.5874927,5.0581312,2.751569,3.2928722,2.6600931,3.8565552,1.8220463,4.2966976,3.1726875,4.4501796
301,3.4160962,2.3301063,4.4247193,0,3.9099462,6.7462716,4.4378495,0,4.9374056,5.1417217,3.3048027,4.3765635,2.645474,5.7322264,1.8485947,4.174788,3.8621659,5.2781186
302,3.7901299,2.4372964,2.0190358,3.1087155,2.7736533,8.5236235,0,0,2.8579807,0,2.2866116,4.4823852,2.4326959,0,2.1375415,4.2676148,2.9342115,5.5944285
303,16.173912,0,2.0190358,0,0,0,0,0,0,0,0,1.7677823,2.5617909,0,1.67418,2.2058611,0,5.8786564
304,3.8208802,0,0,0,2.0287344,0,0,0,0,0,2.6712036,0,0,0,0,2.6182623,1.8668113,0
305,4.6846952,2.2410061,3.6397102,4.915576,3.0225632,5.1443172,0,4.8320003,0,4.8569269,2.3483188,1.6872888,0,4.1435184,1.4113786,4.492188,3.3600569,0
306,6.8488002,2.0264475,4.5628214,4.1803036,3.0633848,6.3343425,0,4.711133,0,5.0696516,2.4723582,4.0443158,2.4710009,0,1.8925413,4.5378852,3.6171904,5.0751772
307,0,0,0,0,0,0,0,0,0,0,2.6382973,0,0,0,0,0,0,0
308,29.779402,0,4.4247193,0,3.6032424,0,0,0,0,0,2.5939226,3.6281915,0,4.4613886,2.0613468,3.0807269,3.2682893,0
309,9.3666649,0,3.3797171,0,3.7571995,0,0,0,0,0,2.3516173,0,0,0,3.3835013,4.8315072,2.1457767,0
311,3.8070085,0,2.9153209,0,2.7277031,4.1751504,0,0,0,0,2.0957463,3.4052572,0,0,1.3953065,2.5237207,0,0
312,4.3455262,0,3.9174902,3.5484025,2.7608027,0,0,0,0,0,2.894275,3.5209517,0,0,1.9136463,4.2975469,2.3412063,0
313,24.954933,3.4412384,2.8679054,5.5214572,4.632833,0,4.8325133,4.3369389,0,0,2.0354841,6.8599873,2.2111042,1.6677518,2.3478212,1.6174061,2.7432401,19.849895
318,27.424202,2.2619839,7.6188946,2.2106307,2.2778151,0,0,3.7199996,2.9338768,4.6197572,2.0648069,1.4740449,0,2.7792094,3.01757,2.1831319,2.1168377,7.8582296
319,2.539264,0,2.0717885,0,3.7581508,0,0,0,0,0,0,0,0,0,0,0,0,0
320,4.3630056,1.872927,3.9469295,0,2.3375702,3.8750002,0,0,3.784662,4.7058768,2.1787071,3.0461137,2.3960752,2.0515075,1.6374973,1.6497107,1.971732,3.6152086
321,2.9918056,0,1.6959624,0,2.783365,0,0,0,0,0,0,2.7044361,0,0,0,1.6174061,0,0
322,0,0,0,0,2.3965261,0,0,0,0,0,0,5.7255287,3.1854954,0,0,3.7511313,0,5.0442295
323,2.9918056,0,2.0190358,0,2.9755561,0,0,0,0,0,0,2.2901053,0,1.9975773,1.6974027,2.7781632,2.3915958,0
324,2.9918056,2.7374754,3.1726434,1.8901249,3.0807099,0,4.484519,0,4.1073251,0,0,3.4524295,2.6751518,0,1.8549558,3.6085229,3.1254673,4.5925407
326,2.6876984,1.7174354,5.2776804,3.7763133,3.963083,6.3464971,7.0667882,5.093277,2.6205733,3.9771786,2.0720417,3.2850492,2.3950999,2.2359715,1.7554916,1.7064022,3.1931303,4.1477556
327,2.1000016,0,0,0,4.7422757,2.8396947,0,0,0,0,0,0,0,0,2.6593604,2.1709516,2.2117019,0
330,2.9918056,0,3.1726434,2.7683709,2.8383832,0,0,0,0,0,0,2.7850525,2.7587237,0,1.6083701,3.6584873,2.3175249,3.586328
331,2.1000016,0,2.0190358,0,2.4858861,0,0,0,0,0,0,1.1698112,0,0,0,0,0,0
332,3.2576392,1.9253172,3.1726434,2.7103183,3.8591826,6.5832553,0,4.6405835,3.7200139,4.8244891,0,3.2695124,2.6446338,0,2.4814591,3.2345371,2.8044333,3.9473553
333,4.1876311,0,2.0190358,0,2.1418173,0,0,0,0,0,0,2.0604365,0,0,0,2.8161266,1.912776,0
338,2.1000016,2.505904,2.0190358,5.9382391,3.8221126,7.1851625,0,5.3060651,3.571512,4.3438811,0,2.8866141,2.6468711,4.7291565,2.6022897,3.0579534,2.3622897,6.8115788
340,2.1000016,0,3.1726434,2.9500878,2.6775751,6.2000003,0,0,0,0,0,3.3967516,0,0,1.7554916,3.0279379,2.6191463,0
341,2.5735474,2.4681394,5.0530734,4.7022886,0,0,0,5.1954603,3.1415477,4.8568969,0,3.8482604,0,3.0350111,0,2.8146284,3.1196158,4.4791756
342,2.9918056,0,1.6959624,0,2.4733064,0,0,0,0,0,2.6086562,2.7044361,0,0,0,1.6174061,0,0
343,2.1000016,0,2.0190358,0,2.3368974,4.7135482,0,0,0,0,0,1.4740449,0,0,0,1.5345474,2.3694267,0
345,4.1876311,1.8146195,3.9469295,4.202961,2.6782868,6.3904057,0,5.1745872,0,4.8698945,0,3.4841156,2.612462,2.4704752,2.3209357,3.1838295,4.3618741,4.0042934
346,4.3630056,1.8986304,4.2724161,5.5160313,3.0346456,7.4004912,5.4797988,5.1250372,4.2070251,4.6420145,0,3.506217,2.5584335,2.9597158,2.6659417,1.7064022,3.4903109,3.9970367
347,24.954933,3.4412384,2.8679054,5.5214572,4.632833,0,4.8325133,4.3369389,0,0,2.0354841,6.8599873,2.2111042,1.6677518,2.3478212,5.3654289,2.7432401,7.7245626
348,5.09589,1.718341,2.8615384,2.018589,0,0,0,0,0,0,2.0382628,0,0,0,2.0423667,3.1589177,3.4444444,0
349,2.1000016,3.0703845,3.1726434,4.7667551,4.5563474,7.7917895,4.7792172,5.012537,3.6940863,4.5705671,0,4.0235357,2.5740709,10.86198,1.8474679,4.045722,2.8912475,4.0518675
350,2.1000016,0,2.0190358,2.1398408,2.8719819,0,0,0,0,0,0,3.5581849,0,0,1.6374973,4.175096,2.4633448,0
351,16.570921,2.4925714,2.0945559,5.2772617,4.3598833,7.9184465,4.4411707,5.3271227,3.3961139,4.9800892,3.2336226,4.744379,2.7036698,8.5684576,3.3322976,3.8918118,3.012295,4.309299
352,2.8646069,0,2.5769978,3.4414074,0,0,0,0,0,0,2.2543597,3.2004216,0,0,0,1.6174061,0,0
353,2.8646069,0,2.5769978,3.4414074,0,0,0,0,0,0,2.2543597,3.2004216,0,0,0,1.6174061,0,0
354,2.5735474,2.4681394,5.0530734,4.7022886,0,0,0,5.1954603,3.1415477,4.8568969,0,3.8482604,0,3.0350111,0,2.8146284,3.1196158,4.4791756
355,3.4832883,2.3514395,2.7746437,4.1013284,2.6241553,6.9132638,6.2308154,4.9436655,3.1713684,4.7667909,2.5844147,3.4729693,2.5855148,2.4808981,1.7734491,1.7093239,2.8566551,4.1855621
356,4.9982581,2.3781984,2.0945559,5.1935301,2.7008018,6.4391575,5.2565312,5.2853427,3.2545781,5.0701432,1.9891777,4.850009,2.4649234,2.3922353,1.8536669,2.3349245,3.2192373,6.208858
357,1.3562429,2.6256762,1.6942763,3.0657837,3.2632883,5.8733873,5.7881632,4.2404351,3.260581,4.7423835,1.9689946,5.1894827,2.4045477,1.8651562,2.2807205,2.6317167,3.2003043,6.6411304
358,2.0084174,1.375726,2.5769978,1.4615719,3.4431157,0,0,3.1260505,0,0,1.9689946,3.55794,0,0,1.711561,1.9108983,2.9935675,0
359,2.8646069,1.4934462,2.5769978,5.0681763,3.0958705,0,0,3.1260505,0,1.8693466,2.3894937,1.1698112,0,0,1.76235,0,2.251771,0
360,3.079972,1.9142002,2.8615384,1.1552795,2.4054031,0,0,3.7199996,0,5.4705882,2.0430255,1.1698112,0,1.6798551,1.9289783,0,1.5376627,0
361,2.1926913,2.5201735,2.0945559,5.778152,3.2133043,8.8029671,4.8676085,5.5529046,3.0292075,7.2348447,1.9531779,4.3271146,2.4648864,2.1815677,1.9365987,2.1014555,3.044811,5.8016191
363,3.4357579,2.0188956,5.1587114,3.38907,2.5318224,5.4137802,0,3.6477599,3.3329856,7.6971245,2.2747838,0,0,2.3551807,2.21457,1.4470323,2.0206766,0
364,3.4357579,2.2813268,5.1587114,3.5989101,2.4631839,5.5230737,4.9908772,3.7199996,3.5713661,3.1518633,2.0430255,2.8387849,0,2.2709272,2.2830808,3.8621058,2.149266,3.1156175
366,1.3562429,2.2075589,1.6942763,1.3244389,2.3670325,5.4234891,0,4.2404351,0,0,2.0962341,0,0,2.6648262,1.7615049,0,2.0577657,0
367,3.4357579,2.3656194,5.1587114,3.2799642,1.810427,5.1655183,0,0,2.6553159,3.1518633,2.1710386,2.1180856,0,2.4125292,2.8944488,3.8145115,2.034677,0
368,2.8646069,1.4744251,2.5769978,3.4414074,3.5084333,0,0,0,0,0,2.2543597,3.2004216,0,0,1.3615509,1.6174061,3.0325963,0
369,3.1348448,2.2305815,5.1587114,3.7366176,0,5.2394366,0,0,2.9589453,3.1518633,2.1710386,3.3055465,0,2.2451966,2.1989353,0,2.1487288,0
370,5.6548533,2.4248884,4.2658467,4.2839684,3.0041983,6.6882267,5.3536749,5.0972381,3.9943945,0,2.5046647,3.5550222,2.5410941,0,2.9819863,3.4598546,2.7410765,3.6153984
372,2.0084174,2.0177104,2.8679054,1.1552795,2.6566317,0,0,3.7199996,0,10.247343,2.0684602,1.1698112,0,1.6254425,2.473238,0,1.7339768,0
373,3.1348448,2.266222,2.8615384,3.2799642,2.7474403,5.3513346,0,0,2.6204479,3.1518633,2.0921052,2.1180856,0,2.3275204,2.790956,3.8145115,1.931338,0
374,3.8303244,2.742806,3.2792337,5.2244377,3.0662367,7.2824297,4.1948028,5.3074265,3.3086128,5.1224642,1.9531779,4.7307253,2.5080202,2.3135741,3.1495075,4.5590038,3.0492308,5.5771685
375,1.3562429,2.4223759,1.6942763,3.2438233,2.5661139,7.1933737,5.5951662,4.9407859,3.1414618,0,2.0397613,0,0,2.8016987,3.6534588,2.1636565,2.078774,9.0322962
376,3.3545775,1.9527278,2.5769978,2.5819199,4.3201165,0,0,5.3568459,0,3.1518633,2.0921052,2.8397548,0,1.9853495,2.3156712,1.8115482,3.4462554,0
377,1.3562429,2.0487361,2.5933368,3.3961172,2.4104679,4.8072505,0,0,2.8770132,3.1518633,2.0656474,2.6230674,0,2.257633,2.1805673,1.7275475,1.9854996,7.4713001
378,2.2835193,0,2.3889759,3.1087155,4.0542679,0,0,0,0,0,2.4266784,2.8694258,0,0,1.3078742,2.0110965,2.4386022,0
379,1.3562429,2.4897759,2.8615384,1.3244389,3.896178,4.3731432,0,0,3.8431048,1.8693466,2.3358386,1.1698112,2.3043427,0,1.5068145,1.8115482,1.638369,3.7224207
380,2.1926913,2.6108909,2.0945559,5.448977,3.2133043,6.9856439,4.571259,5.5529046,2.9163728,5.1224642,1.9531779,4.3436251,2.3826175,1.886245,2.3878784,1.9328099,2.9872947,6.5563617
381,3.4357579,2.226939,2.8615384,4.5684795,2.2778151,5.8109589,5.9882245,3.5769231,3.2119377,0,2.1891589,0,2.3247147,2.2114825,3.5641906,0,1.8773311,0
382,1.3562429,2.4244707,1.6942763,4.5358233,2.3646657,6.7832074,4.8042951,4.9407859,3.2064445,4.1662235,2.1848376,1.8020921,2.2245011,2.3128831,3.3502398,0,2.1275616,8.2211838
383,3.5594141,2.5428443,4.3932643,5.4690557,3.6290886,6.3512812,0,5.1019535,3.6209679,4.8489242,2.961473,4.2207694,2.5928266,5.7322264,2.4698408,4.8710737,3.1416824,4.0422025
384,1.6074414,2.513608,2.0945559,1.1552795,3.1506326,6.0739808,0,0,0,0,2.7737997,3.5476069,0,0,2.3263097,1.7064022,3.5873613,0
385,3.3380332,2.3700554,3.2018557,5.4440756,4.3517179,7.4486732,6.0491328,5.1883574,3.5981083,5.1261921,2.5187373,4.3888879,2.7504926,6.3784966,3.2877088,4.6622601,2.9253402,4.0422025
386,3.3380332,2.1937556,2.6623275,4.5302839,4.1685586,7.5509181,5.0000429,5.106185,3.5731218,5.3513651,2.3483188,3.5182447,2.7342019,3.9109979,2.7115338,3.9216876,3.1233888,4.5132275
388,2.8646069,0,2.5769978,3.4414074,0,0,0,0,0,0,2.2543597,3.2004216,0,0,0,1.6174061,0,0
389,2.8646069,0,2.5769978,3.4414074,0,0,0,0,0,0,2.2543597,3.2004216,0,0,0,1.6174061,0,0
390,6.2647557,0,3.9469295,4.0236969,2.6946096,0,0,0,0,0,0,3.8784838,0,0,0,3.8285167,3.029573,0
391,2.8646069,0,2.5769978,5.0681763,3.0958705,0,0,0,0,0,2.3894937,1.1698112,0,0,0,0,2.251771,0
393,3.2792752,1.9319671,4.7009425,3.6991169,2.6782868,7.2338486,0,4.6876717,3.2060313,0,0,2.8721561,2.6953266,0,2.2062111,0,3.1152866,4.0042934
394,10.049947,0,5.8070216,0,2.5675111,10.099067,0,0,2.7954912,5.2193742,3.2889931,5.9987006,2.9873061,0,3.1326711,4.2480679,3.1994185,4.9885426
395,8.1607723,3.0182152,3.2372234,1.4339759,3.6259644,8.6544914,9.155303,0,4.0414639,4.814023,3.2282765,4.5145407,2.8402698,0,0,4.2641444,3.6517916,5.3539124
396,3.2701747,0,2.1571262,1.87988,3.9624736,0,0,0,3.0931094,0,1.9076668,4.0852118,2.3326387,3.5491433,4.1291699,3.5629599,3.9892395,0
398,2.7563033,0,1.5925965,1.1552795,2.9822948,0,0,0,3.04197,0,3.3536308,3.8972356,2.5290434,0,2.2414398,3.7068796,2.8588667,5.059576
399,2.0861228,3.0222681,2.5769978,6.3251171,3.7972455,8.7596045,4.6951962,5.3552771,3.5230839,5.3583646,2.6184294,4.2411799,2.940496,10.138485,2.5029798,4.8677821,3.9176719,4.0388718
400,2.1926913,3.0222681,2.0945559,6.2897553,4.9066858,8.1758575,4.8900433,5.3552771,3.0827935,4.941709,3.0097651,4.7078729,2.940496,9.4721518,2.6167064,3.7868648,3.7936928,4.3671112
